{
  "id": "4942302",
  "name": "unix",
  "font_family": "cl-iconfont",
  "css_prefix_text": "cl-icon-",
  "description": "",
  "glyphs": [
    {
      "icon_id": "15177865",
      "name": "empty",
      "font_class": "empty",
      "unicode": "e656",
      "unicode_decimal": 58966
    },
    {
      "icon_id": "16322106",
      "name": "完成",
      "font_class": "wancheng",
      "unicode": "e6bc",
      "unicode_decimal": 59068
    },
    {
      "icon_id": "16322107",
      "name": "失败",
      "font_class": "shibai",
      "unicode": "e6bd",
      "unicode_decimal": 59069
    },
    {
      "icon_id": "16322109",
      "name": "播放",
      "font_class": "bofang",
      "unicode": "e6be",
      "unicode_decimal": 59070
    },
    {
      "icon_id": "16322122",
      "name": "评论",
      "font_class": "pinglun",
      "unicode": "e6bf",
      "unicode_decimal": 59071
    },
    {
      "icon_id": "16322137",
      "name": "话筒",
      "font_class": "huatong",
      "unicode": "e6c0",
      "unicode_decimal": 59072
    },
    {
      "icon_id": "16322141",
      "name": "点赞",
      "font_class": "dianzan",
      "unicode": "e6c1",
      "unicode_decimal": 59073
    },
    {
      "icon_id": "16322146",
      "name": "福利",
      "font_class": "fuli",
      "unicode": "e6c2",
      "unicode_decimal": 59074
    },
    {
      "icon_id": "16322147",
      "name": "酒店",
      "font_class": "jiudian",
      "unicode": "e6c3",
      "unicode_decimal": 59075
    },
    {
      "icon_id": "16322152",
      "name": "图片",
      "font_class": "tupian",
      "unicode": "e6c5",
      "unicode_decimal": 59077
    },
    {
      "icon_id": "16322156",
      "name": "定位",
      "font_class": "dingwei",
      "unicode": "e6c6",
      "unicode_decimal": 59078
    },
    {
      "icon_id": "16322220",
      "name": "vip",
      "font_class": "vip",
      "unicode": "e6c8",
      "unicode_decimal": 59080
    },
    {
      "icon_id": "16322224",
      "name": "云端",
      "font_class": "yunduan",
      "unicode": "e6c9",
      "unicode_decimal": 59081
    },
    {
      "icon_id": "16322238",
      "name": "闹钟",
      "font_class": "naozhong",
      "unicode": "e6ca",
      "unicode_decimal": 59082
    },
    {
      "icon_id": "16322262",
      "name": "交流",
      "font_class": "jiaoliu",
      "unicode": "e6cb",
      "unicode_decimal": 59083
    },
    {
      "icon_id": "16322265",
      "name": "收入",
      "font_class": "shouru",
      "unicode": "e6cc",
      "unicode_decimal": 59084
    },
    {
      "icon_id": "16322269",
      "name": "支出",
      "font_class": "zhichu",
      "unicode": "e6cd",
      "unicode_decimal": 59085
    },
    {
      "icon_id": "16322277",
      "name": "时间",
      "font_class": "shijian",
      "unicode": "e6ce",
      "unicode_decimal": 59086
    },
    {
      "icon_id": "16322300",
      "name": "拍照",
      "font_class": "paizhao",
      "unicode": "e6cf",
      "unicode_decimal": 59087
    },
    {
      "icon_id": "16322312",
      "name": "汽车",
      "font_class": "qiche",
      "unicode": "e6d0",
      "unicode_decimal": 59088
    },
    {
      "icon_id": "16322372",
      "name": "水票",
      "font_class": "shuipiao",
      "unicode": "e6d1",
      "unicode_decimal": 59089
    },
    {
      "icon_id": "16322373",
      "name": "订阅",
      "font_class": "dingyue",
      "unicode": "e6d2",
      "unicode_decimal": 59090
    },
    {
      "icon_id": "16322374",
      "name": "客服",
      "font_class": "kefu_2",
      "unicode": "e6d3",
      "unicode_decimal": 59091
    },
    {
      "icon_id": "16322375",
      "name": "注销",
      "font_class": "tuichudenglu",
      "unicode": "e6d4",
      "unicode_decimal": 59092
    },
    {
      "icon_id": "16322377",
      "name": "评论",
      "font_class": "pinglun_2",
      "unicode": "e6d5",
      "unicode_decimal": 59093
    },
    {
      "icon_id": "16322378",
      "name": "钱包",
      "font_class": "qianbao",
      "unicode": "e6d6",
      "unicode_decimal": 59094
    },
    {
      "icon_id": "16322379",
      "name": "搜索",
      "font_class": "sousuo_2",
      "unicode": "e6d7",
      "unicode_decimal": 59095
    },
    {
      "icon_id": "16322390",
      "name": "优惠券",
      "font_class": "youhuiquan",
      "unicode": "e6d8",
      "unicode_decimal": 59096
    },
    {
      "icon_id": "16322564",
      "name": "购物袋",
      "font_class": "gouwudai",
      "unicode": "e6ea",
      "unicode_decimal": 59114
    },
    {
      "icon_id": "16322902",
      "name": "管理",
      "font_class": "guanli",
      "unicode": "e6fd",
      "unicode_decimal": 59133
    },
    {
      "icon_id": "16323138",
      "name": "钱币",
      "font_class": "qianbi",
      "unicode": "e70d",
      "unicode_decimal": 59149
    },
    {
      "icon_id": "16350218",
      "name": "皇冠",
      "font_class": "huangguan",
      "unicode": "e712",
      "unicode_decimal": 59154
    }
  ]
}
